User_ID,Name,Email,PhoneNumber,JoinDate,Role
1,Wilmette Calder,wcalder0@squarespace.com,753-461-3300,7/2/2024,Member
2,Stevy Grundle,sgrundle1@shutterfly.com,553-739-2128,12/26/2023,Member
3,Melania Chilcotte,mchilcotte2@latimes.com,490-200-2981,4/16/2024,Member
4,Lenore Whiles,lwhiles3@canalblog.com,917-398-3216,9/8/2024,Member
5,Kellen Murie,kmurie4@joomla.org,844-624-2648,10/15/2024,Member
6,Yehudi Torr,ytorr5@photobucket.com,832-416-1574,1/26/2024,Member
7,Lynsey Quittonden,lquittonden6@ow.ly,266-117-1235,5/16/2024,Member
8,Farr Huggan,fhuggan7@marketwatch.com,727-211-2430,11/24/2024,Member
9,Rebekah Biddle,rbiddle8@theguardian.com,233-919-8331,4/27/2024,Member
10,Fin Sarfati,fsarfati9@ameblo.jp,222-417-3971,12/1/2024,Member
11,Reid Bevan,rbevana@t-online.de,677-293-1315,9/25/2024,Member
12,Ulberto Lockitt,ulockittb@wikia.com,828-264-7518,6/7/2024,Member
13,Frieda Crockford,fcrockfordc@ehow.com,689-550-2836,12/15/2023,Member
14,Terencio Waller,twallerd@mediafire.com,256-473-6900,4/9/2024,Staff
15,Salome Byford,sbyforde@weather.com,947-272-8228,1/31/2024,Member
16,Ladonna Bohan,lbohanf@tumblr.com,758-903-5100,8/31/2024,Member
17,Percy Wooster,pwoosterg@utexas.edu,227-391-4015,7/27/2024,Member
18,Carley Steart,cstearth@yellowbook.com,774-854-3463,12/21/2023,Member
19,Em Mowles,emowlesi@e-recht24.de,380-177-6309,6/19/2024,Member
20,Moishe Gehring,mgehringj@usa.gov,291-320-2504,4/26/2024,Member
21,Storm Adamovitz,sadamovitzk@rediff.com,956-896-7246,7/3/2024,Member
22,Pollyanna De Bernardi,pdel@technorati.com,361-470-9800,4/21/2024,Staff
23,Saul Channing,schanningm@wordpress.org,389-600-0805,6/27/2024,Member
24,Clem Chastang,cchastangn@reference.com,668-202-5599,5/18/2024,Member
25,Paulita Thickett,pthicketto@sohu.com,483-424-4110,3/29/2024,Staff
26,Bellina Durran,bdurranp@canalblog.com,755-797-5381,1/10/2024,Staff
27,Ange Cleall,acleallq@youtube.com,664-525-2402,9/12/2024,Member
28,Sheelagh Kaysor,skaysorr@google.ru,592-312-3181,12/6/2024,Member
29,Esmeralda Friedlos,efriedloss@illinois.edu,649-616-6110,1/28/2024,Member
30,Gussi Corbett,gcorbettt@google.it,281-543-4483,10/2/2024,Member
31,Micaela Steptowe,msteptoweu@blogger.com,493-892-8872,9/9/2024,Member
32,Bobby Cearley,bcearleyv@army.mil,967-967-0778,3/7/2024,Staff
33,Norby Paridge,nparidgew@imgur.com,553-627-8139,7/16/2024,Staff
34,Kaila Thorsby,kthorsbyx@scribd.com,638-488-3200,9/30/2024,Member
35,Leesa Skedgell,lskedgelly@naver.com,875-672-4174,11/25/2024,Member
36,Taffy Sloat,tsloatz@nature.com,410-918-0635,9/28/2024,Member
37,Agata Tours,atours10@yellowpages.com,693-591-0768,6/15/2024,Member
38,Esther O'Fihily,eofihily11@ning.com,885-754-0474,3/4/2024,Staff
39,Alfie Bruckman,abruckman12@kickstarter.com,930-392-6089,4/19/2024,Member
40,Edd Sperwell,esperwell13@barnesandnoble.com,468-431-9160,7/9/2024,Staff
41,Billy Caselick,bcaselick14@netvibes.com,200-202-1740,3/18/2024,Staff
42,Hew Newick,hnewick15@creativecommons.org,121-292-4023,8/10/2024,Member
43,Amby Crosskill,acrosskill16@geocities.jp,502-856-8069,4/7/2024,Member
44,Bernadina De Angelo,bde17@ezinearticles.com,129-654-6653,12/28/2023,Member
45,Lodovico Brislawn,lbrislawn18@kickstarter.com,597-748-1784,9/4/2024,Member
46,Corbett Ambrus,cambrus19@csmonitor.com,304-614-2656,3/20/2024,Member
47,Kania Filon,kfilon1a@pinterest.com,248-818-4524,10/28/2024,Staff
48,Terri-jo Capinetti,tcapinetti1b@miibeian.gov.cn,369-506-8571,12/1/2024,Staff
49,Wayland Wyman,wwyman1c@amazon.de,316-125-0089,8/4/2024,Staff
50,Belle Hamerton,bhamerton1d@lycos.com,736-649-2134,3/16/2024,Member
51,Aloisia Thonger,athonger1e@furl.net,706-950-1293,3/6/2024,Member
52,Annora Kolczynski,akolczynski1f@meetup.com,141-603-9506,8/29/2024,Member
53,Morgen Grindell,mgrindell1g@senate.gov,871-768-7489,7/20/2024,Staff
54,Darryl Gainsbury,dgainsbury1h@boston.com,531-855-9356,5/13/2024,Staff
55,Ernest Gotts,egotts1i@usnews.com,870-694-3524,5/3/2024,Member
56,Janis Leyland,jleyland1j@disqus.com,978-355-9250,10/14/2024,Member
57,Theodora Laundon,tlaundon1k@blinklist.com,556-678-7360,9/9/2024,Member
58,Erin Cullnean,ecullnean1l@bbb.org,755-733-1046,7/23/2024,Member
59,Alvan Hampson,ahampson1m@npr.org,493-654-5073,4/30/2024,Member
60,Delia Ginie,dginie1n@pen.io,611-334-9727,10/13/2024,Member
61,Bevon Petworth,bpetworth1o@cafepress.com,237-774-1834,9/12/2024,Member
62,Gunilla Shelly,gshelly1p@plala.or.jp,227-652-6525,2/17/2024,Member
63,Emmalyn Kleehuhler,ekleehuhler1q@nps.gov,963-970-5020,1/1/2024,Member
64,Julianna Downe,jdowne1r@google.com.au,610-702-4052,2/26/2024,Member
65,Hyatt Burgin,hburgin1s@baidu.com,647-326-3442,5/22/2024,Staff
66,Linzy Ronca,lronca1t@creativecommons.org,250-954-8000,9/16/2024,Staff
67,Rouvin Padgham,rpadgham1u@ibm.com,836-695-9458,5/9/2024,Member
68,Rutherford Kenningham,rkenningham1v@list-manage.com,893-536-3710,10/16/2024,Member
69,Giraud Arnauduc,garnauduc1w@webs.com,153-733-4716,3/4/2024,Staff
70,Lorna Yewen,lyewen1x@whitehouse.gov,953-688-2972,2/28/2024,Member
71,Andrew Compfort,acompfort1y@php.net,635-875-3460,12/17/2023,Member
72,Nicol Rieflin,nrieflin1z@bloomberg.com,286-986-7777,9/24/2024,Member
73,Karol Andrag,kandrag20@desdev.cn,586-379-6034,12/12/2023,Member
74,Sabina Cokly,scokly21@goodreads.com,316-521-6715,8/14/2024,Member
75,Dorine Narbett,dnarbett22@squidoo.com,759-476-9925,2/2/2024,Member
76,Freeman Cholonin,fcholonin23@omniture.com,245-561-3949,10/14/2024,Member
77,George Cocker,gcocker24@bloomberg.com,507-130-7776,6/16/2024,Member
78,Algernon Loft,aloft25@loc.gov,903-460-4682,3/2/2024,Member
79,Arden Bonelle,abonelle26@myspace.com,268-959-3160,10/1/2024,Member
80,Raynor Haysman,rhaysman27@yellowpages.com,303-540-4975,8/10/2024,Member
81,Loy Pfeffel,lpfeffel28@smh.com.au,211-112-2931,7/25/2024,Member
82,Dahlia Maryin,dmaryin29@unicef.org,983-283-9483,1/9/2024,Member
83,Jeni Freen,jfreen2a@desdev.cn,454-444-6757,10/10/2024,Staff
84,Robb Bendik,rbendik2b@msn.com,900-783-4437,8/5/2024,Member
85,Christy Coats,ccoats2c@yellowpages.com,572-428-0279,9/2/2024,Member
86,Vanya Frazer,vfrazer2d@tripadvisor.com,514-158-0367,11/21/2024,Member
87,Gussi Hanstock,ghanstock2e@macromedia.com,258-867-9638,11/18/2024,Staff
88,Jules Swatradge,jswatradge2f@ycombinator.com,768-759-8233,1/4/2024,Staff
89,Yuri Bore,ybore2g@goo.gl,540-968-3314,2/27/2024,Member
90,Borden Eggleson,beggleson2h@army.mil,517-379-1948,7/16/2024,Member
91,Cam Widmore,cwidmore2i@stanford.edu,974-964-7834,6/23/2024,Member
92,Danell Fick,dfick2j@about.com,209-238-8474,3/15/2024,Staff
93,Damaris Crosham,dcrosham2k@cnbc.com,241-355-6409,9/7/2024,Staff
94,Erinna Willmore,ewillmore2l@pen.io,491-367-0952,4/27/2024,Member
95,Osbourne Easdon,oeasdon2m@businessinsider.com,331-346-3718,10/8/2024,Member
96,Charita Fehners,cfehners2n@weebly.com,360-861-5948,11/13/2024,Staff
97,Darlene Ruffle,druffle2o@a8.net,981-965-4327,3/23/2024,Member
98,Zerk Chevis,zchevis2p@statcounter.com,613-412-3382,10/28/2024,Staff
99,Alastair Pundy,apundy2q@phoca.cz,705-938-9759,4/24/2024,Member
100,Pansie Woolrich,pwoolrich2r@moonfruit.com,832-986-1878,1/30/2024,Member
