UserID,Name,Role,Email,PhoneNumber,JoinDate
1,Wilmette Calder,Member,wcalder0@squarespace.com,753-461-3300,2024-07-02
2,Stevy Grundle,Member,sgrundle1@shutterfly.com,553-739-2128,2023-12-26
3,Melania Chilcotte,Member,mchilcotte2@latimes.com,490-200-2981,2024-04-16
4,Lenore Whiles,Member,lwhiles3@canalblog.com,917-398-3216,2024-09-08
5,Kellen Murie,Member,kmurie4@joomla.org,844-624-2648,2024-10-15
6,Yehudi Torr,Member,ytorr5@photobucket.com,832-416-1574,2024-01-26
7,Lynsey Quittonden,Member,lquittonden6@ow.ly,266-117-1235,2024-05-16
8,Farr Huggan,Member,fhuggan7@marketwatch.com,727-211-2430,2024-11-24
9,Rebekah Biddle,Member,rbiddle8@theguardian.com,233-919-8331,2024-04-27
10,Fin Sarfati,Member,fsarfati9@ameblo.jp,222-417-3971,2024-12-01
11,Reid Bevan,Member,rbevana@t-online.de,677-293-1315,2024-09-25
12,Ulberto Lockitt,Member,ulockittb@wikia.com,828-264-7518,2024-06-07
13,Frieda Crockford,Member,fcrockfordc@ehow.com,689-550-2836,2023-12-15
14,Terencio Waller,Staff,twallerd@mediafire.com,256-473-6900,2024-04-09
15,Salome Byford,Member,sbyforde@weather.com,947-272-8228,2024-01-31
16,Ladonna Bohan,Member,lbohanf@tumblr.com,758-903-5100,2024-08-31
17,Percy Wooster,Member,pwoosterg@utexas.edu,227-391-4015,2024-07-27
18,Carley Steart,Member,cstearth@yellowbook.com,774-854-3463,2023-12-21
19,Em Mowles,Member,emowlesi@e-recht24.de,380-177-6309,2024-06-19
20,Moishe Gehring,Member,mgehringj@usa.gov,291-320-2504,2024-04-26
21,Storm Adamovitz,Member,sadamovitzk@rediff.com,956-896-7246,2024-07-03
22,Pollyanna De Bernardi,Staff,pdel@technorati.com,361-470-9800,2024-04-21
23,Saul Channing,Member,schanningm@wordpress.org,389-600-0805,2024-06-27
24,Clem Chastang,Member,cchastangn@reference.com,668-202-5599,2024-05-18
25,Paulita Thickett,Staff,pthicketto@sohu.com,483-424-4110,2024-03-29
26,Bellina Durran,Staff,bdurranp@canalblog.com,755-797-5381,2024-01-10
27,Ange Cleall,Member,acleallq@youtube.com,664-525-2402,2024-09-12
28,Sheelagh Kaysor,Member,skaysorr@google.ru,592-312-3181,2024-12-06
29,Esmeralda Friedlos,Member,efriedloss@illinois.edu,649-616-6110,2024-01-28
30,Gussi Corbett,Member,gcorbettt@google.it,281-543-4483,2024-10-02
31,Micaela Steptowe,Member,msteptoweu@blogger.com,493-892-8872,2024-09-09
32,Bobby Cearley,Staff,bcearleyv@army.mil,967-967-0778,2024-03-07
33,Norby Paridge,Staff,nparidgew@imgur.com,553-627-8139,2024-07-16
34,Kaila Thorsby,Member,kthorsbyx@scribd.com,638-488-3200,2024-09-30
35,Leesa Skedgell,Member,lskedgelly@naver.com,875-672-4174,2024-11-25
36,Taffy Sloat,Member,tsloatz@nature.com,410-918-0635,2024-09-28
37,Agata Tours,Member,atours10@yellowpages.com,693-591-0768,2024-06-15
38,Esther O'Fihily,Staff,eofihily11@ning.com,885-754-0474,2024-03-04
39,Alfie Bruckman,Member,abruckman12@kickstarter.com,930-392-6089,2024-04-19
40,Edd Sperwell,Staff,esperwell13@barnesandnoble.com,468-431-9160,2024-07-09
41,Billy Caselick,Staff,bcaselick14@netvibes.com,200-202-1740,2024-03-18
42,Hew Newick,Member,hnewick15@creativecommons.org,121-292-4023,2024-08-10
43,Amby Crosskill,Member,acrosskill16@geocities.jp,502-856-8069,2024-04-07
44,Bernadina De Angelo,Member,bde17@ezinearticles.com,129-654-6653,2023-12-28
45,Lodovico Brislawn,Member,lbrislawn18@kickstarter.com,597-748-1784,2024-09-04
46,Corbett Ambrus,Member,cambrus19@csmonitor.com,304-614-2656,2024-03-20
47,Kania Filon,Staff,kfilon1a@pinterest.com,248-818-4524,2024-10-28
48,Terri-jo Capinetti,Staff,tcapinetti1b@miibeian.gov.cn,369-506-8571,2024-12-01
49,Wayland Wyman,Staff,wwyman1c@amazon.de,316-125-0089,2024-08-04
50,Belle Hamerton,Member,bhamerton1d@lycos.com,736-649-2134,2024-03-16
51,Aloisia Thonger,Member,athonger1e@furl.net,706-950-1293,2024-03-06
52,Annora Kolczynski,Member,akolczynski1f@meetup.com,141-603-9506,2024-08-29
53,Morgen Grindell,Staff,mgrindell1g@senate.gov,871-768-7489,2024-07-20
54,Darryl Gainsbury,Staff,dgainsbury1h@boston.com,531-855-9356,2024-05-13
55,Ernest Gotts,Member,egotts1i@usnews.com,870-694-3524,2024-05-03
56,Janis Leyland,Member,jleyland1j@disqus.com,978-355-9250,2024-10-14
57,Theodora Laundon,Member,tlaundon1k@blinklist.com,556-678-7360,2024-09-09
58,Erin Cullnean,Member,ecullnean1l@bbb.org,755-733-1046,2024-07-23
59,Alvan Hampson,Member,ahampson1m@npr.org,493-654-5073,2024-04-30
60,Delia Ginie,Member,dginie1n@pen.io,611-334-9727,2024-10-13
61,Bevon Petworth,Member,bpetworth1o@cafepress.com,237-774-1834,2024-09-12
62,Gunilla Shelly,Member,gshelly1p@plala.or.jp,227-652-6525,2024-02-17
63,Emmalyn Kleehuhler,Member,ekleehuhler1q@nps.gov,963-970-5020,2024-01-01
64,Julianna Downe,Member,jdowne1r@google.com.au,610-702-4052,2024-02-26
65,Hyatt Burgin,Staff,hburgin1s@baidu.com,647-326-3442,2024-05-22
66,Linzy Ronca,Staff,lronca1t@creativecommons.org,250-954-8000,2024-09-16
67,Rouvin Padgham,Member,rpadgham1u@ibm.com,836-695-9458,2024-05-09
68,Rutherford Kenningham,Member,rkenningham1v@list-manage.com,893-536-3710,2024-10-16
69,Giraud Arnauduc,Staff,garnauduc1w@webs.com,153-733-4716,2024-03-04
70,Lorna Yewen,Member,lyewen1x@whitehouse.gov,953-688-2972,2024-02-28
71,Andrew Compfort,Member,acompfort1y@php.net,635-875-3460,2023-12-17
72,Nicol Rieflin,Member,nrieflin1z@bloomberg.com,286-986-7777,2024-09-24
73,Karol Andrag,Member,kandrag20@desdev.cn,586-379-6034,2023-12-12
74,Sabina Cokly,Member,scokly21@goodreads.com,316-521-6715,2024-08-14
75,Dorine Narbett,Member,dnarbett22@squidoo.com,759-476-9925,2024-02-02
76,Freeman Cholonin,Member,fcholonin23@omniture.com,245-561-3949,2024-10-14
77,George Cocker,Member,gcocker24@bloomberg.com,507-130-7776,2024-06-16
78,Algernon Loft,Member,aloft25@loc.gov,903-460-4682,2024-03-02
79,Arden Bonelle,Member,abonelle26@myspace.com,268-959-3160,2024-10-01
80,Raynor Haysman,Member,rhaysman27@yellowpages.com,303-540-4975,2024-08-10
81,Loy Pfeffel,Member,lpfeffel28@smh.com.au,211-112-2931,2024-07-25
82,Dahlia Maryin,Member,dmaryin29@unicef.org,983-283-9483,2024-01-09
83,Jeni Freen,Staff,jfreen2a@desdev.cn,454-444-6757,2024-10-10
84,Robb Bendik,Member,rbendik2b@msn.com,900-783-4437,2024-08-05
85,Christy Coats,Member,ccoats2c@yellowpages.com,572-428-0279,2024-09-02
86,Vanya Frazer,Member,vfrazer2d@tripadvisor.com,514-158-0367,2024-11-21
87,Gussi Hanstock,Staff,ghanstock2e@macromedia.com,258-867-9638,2024-11-18
88,Jules Swatradge,Staff,jswatradge2f@ycombinator.com,768-759-8233,2024-01-04
89,Yuri Bore,Member,ybore2g@goo.gl,540-968-3314,2024-02-27
90,Borden Eggleson,Member,beggleson2h@army.mil,517-379-1948,2024-07-16
91,Cam Widmore,Member,cwidmore2i@stanford.edu,974-964-7834,2024-06-23
92,Danell Fick,Staff,dfick2j@about.com,209-238-8474,2024-03-15
93,Damaris Crosham,Staff,dcrosham2k@cnbc.com,241-355-6409,2024-09-07
94,Erinna Willmore,Member,ewillmore2l@pen.io,491-367-0952,2024-04-27
95,Osbourne Easdon,Member,oeasdon2m@businessinsider.com,331-346-3718,2024-10-08
96,Charita Fehners,Staff,cfehners2n@weebly.com,360-861-5948,2024-11-13
97,Darlene Ruffle,Member,druffle2o@a8.net,981-965-4327,2024-03-23
98,Zerk Chevis,Staff,zchevis2p@statcounter.com,613-412-3382,2024-10-28
99,Alastair Pundy,Member,apundy2q@phoca.cz,705-938-9759,2024-04-24
100,Pansie Woolrich,Member,pwoolrich2r@moonfruit.com,832-986-1878,2024-01-30
